<!-- [ Mirror metadata ] generatedAt: 1434621128996 -->
<!-- Generated screen file. Fill the id tags below with content with
which to populate your previewed layout. For a complete specification
of sample data, please see http://jimulabs.com/sample-data-specifications/ 

Valid attributes on <screen> tag: theme="@style/someTheme" inEditMode="false" overlay="@drawable/mockup" -->
<screen>
    <_content layout="@layout/activity_page">
        <!-- ImageView Examples:
        <pageCover src="@drawable/image_resource" />
        <pageCover src="relative_path/image.jpg" /> -->
        <pageCover />
        <!-- TextView Examples:
        <pageTitle text="@string/string_resource" />
        <pageTitle text="Text literal" textSize="14sp" /> -->
        <pageTitle />
        <collection_items>
            <items layout="@android:layout/simple_list_item_1" >
                <_item>
                    <text1>Apple</text1>
                </_item>
                <_item>
                    <text1>Orange</text1>
                </_item>
                <_item>
                    <text1>Pear</text1>
                </_item>
                <_item>
                    <text1>Grapefruit</text1>
                </_item>
                <_item>
                    <text1>Banana</text1>
                </_item>
                <_item>
                    <text1>Lemon</text1>
                </_item>
                <_item>
                    <text1>Carrot</text1>
                </_item>
            </items>
                </collection_items>
    </_content>
</screen>
