<!-- [ Mirror metadata ] generatedAt: 1434621129009 -->
<!-- Generated screen file. Fill the id tags below with content with
which to populate your previewed layout. For a complete specification
of sample data, please see http://jimulabs.com/sample-data-specifications/ 

Valid attributes on <screen> tag: theme="@style/someTheme" inEditMode="false" overlay="@drawable/mockup" -->
<screen>
    <_content layout="@layout/nav_drawer_layout">
        <!-- ImageView Examples:
        <title_image src="@drawable/image_resource" />
        <title_image src="relative_path/image.jpg" /> -->
        <title_image />
        <!-- TextView Examples:
        <name text="@string/string_resource" />
        <name text="Text literal" textSize="14sp" /> -->
        <name />
        <email />
        <list_view>
            <items layout="@android:layout/simple_list_item_1" >
                <_item>
                    <text1>Vancouver</text1>
                </_item>
                <_item>
                    <text1>Cairo</text1>
                </_item>
                <_item>
                    <text1>New York</text1>
                </_item>
                <_item>
                    <text1>San Francisco</text1>
                </_item>
                <_item>
                    <text1>Seattle</text1>
                </_item>
                <_item>
                    <text1>Hong Kong</text1>
                </_item>
                <_item>
                    <text1>Tokyo</text1>
                </_item>
            </items>
                </list_view>
    </_content>
</screen>
