<!-- [ Mirror metadata ] generatedAt: 1434621129016 -->
<!-- Generated screen file. Fill the id tags below with content with
which to populate your previewed layout. For a complete specification
of sample data, please see http://jimulabs.com/sample-data-specifications/ 

Valid attributes on <screen> tag: theme="@style/someTheme" inEditMode="false" overlay="@drawable/mockup" -->
<screen>
    <_content layout="@layout/post_item_layout">
        <!-- TextView Examples:
        <postItemName text="@string/string_resource" />
        <postItemName text="Text literal" textSize="14sp" /> -->
        <postItemName />
        <postItemTime />
        <postItemTitle />
        <postItemDesc />
        <postItemLink />
    </_content>
</screen>
