<!-- [ Mirror metadata ] generatedAt: 1434966883881 -->
<!-- Generated screen file. Fill the id tags below with content with
which to populate your previewed layout. For a complete specification
of sample data, please see http://jimulabs.com/sample-data-specifications/ 

Valid attributes on <screen> tag: theme="@style/someTheme" inEditMode="false" overlay="@drawable/mockup" -->
<screen>
    <_content layout="@layout/rss_post_item_layout">
        <!-- TextView Examples:
        <postName text="@string/string_resource" />
        <postName text="Text literal" textSize="14sp" /> -->
        <postName />
        <postTime />
        <seperetor />
        <postTitle />
        <postDesc />
    </_content>
</screen>
